[{"name":"client","state":{"active_recording":"9176b05a-ace0-472b-9fc4-0dfa807d12c3","sources":[{"recording":"9176b05a-ace0-472b-9fc4-0dfa807d12c3","measurement":"e7e03d33-be87-4771-b89a-47efe26af747"}]},"group_config":[{"implicit_source":null,"id":"560ea912-0010-4ba8-b6a5-a16dd5a42333","type":"selection","data":{"client_id":"projectselection","mode":"project"}},{"implicit_source":null,"id":"a0e86617-a743-4dde-b715-18ce337e783c","type":"view_port","data":null},{"implicit_source":null,"id":"3ad09f0f-9638-4dd5-9911-b9b7e690ddf3","type":"selection","data":{"client_id":"ac93544b-54fd-4632-9d43-bdf7677f30ce","mode":"range"}},{"implicit_source":null,"id":"ee7361bd-1419-444c-b744-ebf80fa69872","type":"selection","data":{"client_id":"e6ebffe5-7d03-4bb0-8bc7-7bc919cafa99","mode":"range"}},{"implicit_source":null,"id":"0d60ff2f-d7f2-4c4f-b2ea-8e75c5572c45","type":"selection","data":{"client_id":"a851ff41-a49c-4c6e-b878-32796ed87d51","mode":"range"}},{"implicit_source":null,"id":"9453d8e8-b005-4b9f-bd39-afbe00616a83","type":"selection","data":{"client_id":"f9a5f5f0-788e-4fb6-a019-d661e669c5a0","mode":"range"}},{"implicit_source":null,"id":"79c94968-c477-4f0f-bade-ba01d4ad158d","type":"selection","data":{"client_id":"da764392-8d9c-4ea0-80dd-937cafab2027","mode":"range"}}],"state_data_id":"f8f0303a-eb45-40b8-b5ab-40a4d633be1c"}]