[{"name":"client","state":{"active_recording":"4b792255-1f9d-4792-9414-04d3ef666c76","sources":[{"recording":"4b792255-1f9d-4792-9414-04d3ef666c76","measurement":"f6d18c83-fd97-4f46-9cbe-fe035a1d0da4"}]},"group_config":[{"implicit_source":null,"id":"03e31c61-2b42-46e9-9683-0da9a7ecccaa","type":"selection","data":{"client_id":"5241c7de-b0cb-4d3a-a0f0-52817cb6ba6f","mode":"range"}},{"implicit_source":null,"id":"4bb6e436-f568-4d46-ae50-76108225bcc1","type":"selection","data":{"client_id":"217c614e-7f3d-4ee8-8c4d-4331f2c6c5c8","mode":"range"}},{"implicit_source":null,"id":"560ea912-0010-4ba8-b6a5-a16dd5a42333","type":"selection","data":{"client_id":"projectselection","mode":"project"}},{"implicit_source":null,"id":"78aa28bf-5e3a-420f-917d-214ea178f650","type":"selection","data":{"client_id":"6487ee2a-2688-422d-adf2-ca0057b2890f","mode":"range"}},{"implicit_source":null,"id":"a0e86617-a743-4dde-b715-18ce337e783c","type":"view_port","data":null},{"implicit_source":null,"id":"bf2ead35-bbea-49ea-bd10-df994d7a07c2","type":"selection","data":{"client_id":"4880d2dd-4a64-462a-a112-3ccf41968540","mode":"range"}},{"implicit_source":null,"id":"e4ae3b1f-1be1-46c5-b532-cccbcbc63a4b","type":"selection","data":{"client_id":"8e347d35-3eee-4054-b101-756e10e1dc03","mode":"range"}},{"implicit_source":null,"id":"fdabfb90-c464-4222-b9a3-60bad2bbc6e9","type":"selection","data":{"client_id":"dd117419-13e3-4f04-a17b-9681511d5130","mode":"range"}}],"state_data_id":"cbe98a9a-c77c-4cae-8e27-619189a3e5ad"}]