[{"name":"client","state":{"active_recording":"44751adc-0eba-4e93-b879-70b984eb1138","sources":[{"recording":"0323cf64-9d07-490d-891e-3cdf1d23c4ad","measurement":"24467f7f-8bdb-49aa-a57c-1953d4ada801"},{"recording":"44751adc-0eba-4e93-b879-70b984eb1138","measurement":"24467f7f-8bdb-49aa-a57c-1953d4ada801"}]},"group_config":[{"implicit_source":null,"id":"560ea912-0010-4ba8-b6a5-a16dd5a42333","type":"selection","data":{"client_id":"projectselection","mode":"project"}},{"implicit_source":null,"id":"a0e86617-a743-4dde-b715-18ce337e783c","type":"view_port","data":null},{"implicit_source":null,"id":"6a4c421a-be8d-42d1-83ec-8b9ad9d87816","type":"selection","data":{"client_id":"5e1c5b7b-18df-4a7e-a4c2-1e063b1ef5be","mode":"range"}},{"implicit_source":null,"id":"7b151189-339f-4ed6-8d1b-b60b5cb0d12f","type":"selection","data":{"client_id":"bee004b7-acbf-4f42-b9c9-0e6eea32999f","mode":"range"}}],"state_data_id":"d6f6423a-b5d5-4e6a-8e59-8391b0df82c0"}]